{"count":1,"gauges":{},"self":88.3203264,"total":92.49602999999999,"children":{"AgentResetIfDone":{"count":4423,"self":0.0179034,"total":0.0179034,"children":null},"AgentSendState":{"count":4423,"self":0.1502088,"total":0.6048934,"children":{"CollectObservations":{"count":17692,"self":0.4546846,"total":0.4546846,"children":null}}},"DecideAction":{"count":4423,"self":3.5045468,"total":3.5045469,"children":null},"AcademyStep":{"count":4423,"self":0.0060243,"total":0.0060243,"children":null},"AgentAct":{"count":4423,"self":0.0413327,"total":0.0413327,"children":null}}}