{"cameraMode":{"drawMode":0,"name":"Shaded","section":"Shading Mode"},"sceneLighting":true,"audioPlay":false,"sceneViewState":{"showFog":true,"showMaterialUpdate":false,"showSkybox":true,"showFlares":true,"showImageEffects":true,"showParticleSystems":true},"in2DMode":false,"pivot":{"x":16.31682777404785,"y":1.640812635421753,"z":2.0075011253356935},"rotation":{"x":-0.202256441116333,"y":0.18154536187648774,"z":-0.03818833455443382,"w":-0.9616100788116455},"size":1.053828239440918,"orthographic":false}