{"cameraMode":{"drawMode":0,"name":"Shaded","section":"Shading Mode"},"sceneLighting":false,"audioPlay":false,"sceneViewState":{"showFog":true,"showMaterialUpdate":false,"showSkybox":false,"showFlares":true,"showImageEffects":true,"showParticleSystems":true},"in2DMode":false,"pivot":{"x":10.569999694824219,"y":0.7599999904632568,"z":48.189998626708987},"rotation":{"x":-0.2663813829421997,"y":-0.06730832159519196,"z":0.018653998151421548,"w":-0.9613451957702637},"size":2.9660251140594484,"orthographic":false}